id,name,email,age
91,Latashia Trengrouse,ltrengrouse0@youtu.be,21
32,Fairleigh Anglish,fanglish1@wp.com,23
51,Clari Mackley,cmackley2@cnbc.com,29
5,Ryann Runham,rrunham3@icq.com,20
93,Rebe Renad,rrenad4@amazonaws.com,30
87,Jesse Easton,jeaston5@fastcompany.com,23
76,Laurene Ackermann,lackermann6@chron.com,26
83,Corbie Scowcroft,cscowcroft7@godaddy.com,20
93,Candra Haps,chaps8@skype.com,28
41,Drusi Mariault,dmariault9@printfriendly.com,28
2,Almire Cicchetto,acicchettoa@ucla.edu,20
38,Demeter Hoffner,dhoffnerb@pinterest.com,21
33,Brigg Moriarty,bmoriartyc@constantcontact.com,26
68,Nalani Berthod,nberthodd@qq.com,25
92,Mufi Smithers,msmitherse@google.com.au,25
2,Renae Girsch,rgirschf@smugmug.com,22
69,Yale Tointon,ytointong@godaddy.com,21
43,Mirna Durrett,mdurretth@fastcompany.com,27
95,Ignatius Nourse,inoursei@smh.com.au,28
53,Leupold Boothe,lboothej@xinhuanet.com,24
54,Kathrine Short,kshortk@wordpress.org,23
80,Harry Babcock,hbabcockl@omniture.com,26
68,Morgen Gahagan,mgahaganm@netscape.com,21
75,Elisabetta D'Souza,edsouzan@51.la,18
31,Berny Whitecross,bwhitecrosso@answers.com,25
45,Anna-diane Kroon,akroonp@earthlink.net,24
100,Bennett Iddenden,biddendenq@cbslocal.com,24
29,Aland Labon,alabonr@bloomberg.com,18
29,Ethan Allibone,eallibones@umn.edu,30
6,Xenia Debell,xdebellt@tamu.edu,28
